{
    "train_loss": [
        1.601007112434932,
        1.5060927833829607,
        1.3442168082509722,
        1.1937809211867196,
        1.1291428438254765
    ],
    "train_acc": [
        0.2247685185185185,
        0.30224867724867727,
        0.41471560846560845,
        0.48994708994708996,
        0.5308201058201057
    ],
    "test_loss": [
        1.5501830279827118,
        1.4610553607344627,
        1.2681492008268833,
        1.2001832574605942,
        1.1401898562908173
    ],
    "test_acc": [
        0.34828125,
        0.364609375,
        0.46203125,
        0.519453125,
        0.52890625
    ]
}